<?xml version="1.0" encoding="UTF-8"?>

<ValueSet xmlns="http://hl7.org/fhir">
  <id value="country"/>
  <meta>
    <lastUpdated value="2023-03-26T15:21:02.749+11:00"/>
    <profile value="http://hl7.org/fhir/StructureDefinition/shareablevalueset"/>
  </meta>
  <text>
    <status value="generated"/><div xmlns="http://www.w3.org/1999/xhtml"><ul><li>Include all codes defined in <a href="http://terminology.hl7.org/5.2.0/CodeSystem-ISO3166Part1.html"><code>urn:iso:std:iso:3166</code></a></li></ul></div>
  </text>
  <extension url="http://hl7.org/fhir/StructureDefinition/structuredefinition-wg">
    <valueCode value="fhir"/>
  </extension>
  <extension url="http://hl7.org/fhir/StructureDefinition/structuredefinition-standards-status">
    <valueCode value="trial-use"/>
  </extension>
  <extension url="http://hl7.org/fhir/StructureDefinition/structuredefinition-fmm">
    <valueInteger value="1"/>
  </extension>
  <url value="http://hl7.org/fhir/ValueSet/country"/>
  <identifier>
    <system value="urn:ietf:rfc:3986"/>
    <value value="urn:oid:2.16.840.1.113883.4.642.3.3297"/>
  </identifier>
  <version value="0.1.0"/>
  <name value="CountryValueSet"/>
  <title value="Country ValueSet"/>
  <status value="draft"/>
  <experimental value="true"/>
  <date value="2023-03-26T15:21:02+11:00"/>
  <publisher value="Tanzania"/>
  <contact>
    <name value="Tanzania"/>
    <telecom>
      <system value="url"/>
      <value value="http://moh.go.tz"/>
    </telecom>
  </contact>
  <description value="This value set defines a base set of codes for countries.   &#xA;&#xA;   Note: The codes for countries are taken from    [ISO 3166](https://www.iso.org/iso-3166-country-codes.html)."/>
  <jurisdiction>
    <coding>
      <system value="http://unstats.un.org/unsd/methods/m49/m49.htm"/>
      <code value="001"/>
      <display value="World"/>
    </coding>
  </jurisdiction>
  <compose>
    <include>
      <system value="urn:iso:std:iso:3166"/>
    </include>
  </compose>
</ValueSet>