{"resourceType":"ActivityDefinition","id":"IMMZD2DTMeaslesCIMR","meta":{"profile":["http://hl7.org/fhir/uv/cpg/StructureDefinition/cpg-immunizationactivity"]},"extension":[{"url":"http://hl7.org/fhir/uv/cpg/StructureDefinition/cpg-knowledgeCapability","valueCode":"computable"}],"url":"http://moh.go.tz/ig/smart-immunizations-measles/ActivityDefinition/IMMZD2DTMeaslesCIMR","version":"0.1.0","name":"IMMZD2DTMeaslesContraindication","title":"IMMZ.D2.DT.Measles.Contraindication","status":"draft","experimental":false,"date":"2023-10-03","publisher":"Tanzania","contact":[{"name":"Tanzania","telecom":[{"system":"url","value":"http://moh.go.tz"}]}],"description":"Provide measles immunization","library":["http://smart.who.int/ig/smart-immunizations-measles/Library/IMMZD2DTMeasles"],"kind":"MedicationRequest","profile":"http://hl7.org/fhir/uv/cpg/StructureDefinition/cpg-immunizationrequest","intent":"proposal","doNotPerform":true,"productCodeableConcept":{"coding":[{"system":"http://id.who.int/icd11/mms","code":"XM28X5","display":"Measles vaccines"}]},"dynamicValue":[{"path":"id","expression":{"description":"Draft Medication Request ID for MCV dose","language":"text/cql-identifier","expression":"Draft Medication Request ID for MCV dose"}}]}