{"resourceType":"ValueSet","id":"country","meta":{"lastUpdated":"2023-03-26T15:21:02.749+11:00","profile":["http://hl7.org/fhir/StructureDefinition/shareablevalueset"]},"text":{"status":"generated","div":"<div xmlns=\"http://www.w3.org/1999/xhtml\"><ul><li>Include all codes defined in <a href=\"http://terminology.hl7.org/5.2.0/CodeSystem-ISO3166Part1.html\"><code>urn:iso:std:iso:3166</code></a></li></ul></div>"},"extension":[{"url":"http://hl7.org/fhir/StructureDefinition/structuredefinition-wg","valueCode":"fhir"},{"url":"http://hl7.org/fhir/StructureDefinition/structuredefinition-standards-status","valueCode":"trial-use"},{"url":"http://hl7.org/fhir/StructureDefinition/structuredefinition-fmm","valueInteger":1}],"url":"http://hl7.org/fhir/ValueSet/country","identifier":[{"system":"urn:ietf:rfc:3986","value":"urn:oid:2.16.840.1.113883.4.642.3.3297"}],"version":"0.1.0","name":"CountryValueSet","title":"Country ValueSet","status":"draft","experimental":true,"date":"2023-03-26T15:21:02+11:00","publisher":"Tanzania","contact":[{"name":"Tanzania","telecom":[{"system":"url","value":"http://moh.go.tz"}]}],"description":"This value set defines a base set of codes for countries.   \n\n   Note: The codes for countries are taken from    [ISO 3166](https://www.iso.org/iso-3166-country-codes.html).","jurisdiction":[{"coding":[{"system":"http://unstats.un.org/unsd/methods/m49/m49.htm","code":"001","display":"World"}]}],"compose":{"include":[{"system":"urn:iso:std:iso:3166"}]}}